{"RuleTriggered": 0, "Violations": 198, "Details": {"low_gpu_utilization": 686, "bottlenecks": {"1719161962.501413": {"GPUs": 1, "CPUs": 4}, "1719161963.001446": {"GPUs": 1, "CPUs": 2}, "1719161964.001261": {"GPUs": 1, "CPUs": 3}, "1719161964.501823": {"GPUs": 1, "CPUs": 4}, "1719161965.002372": {"GPUs": 1, "CPUs": 4}, "1719161965.501329": {"GPUs": 1, "CPUs": 3}, "1719161966.001269": {"GPUs": 1, "CPUs": 4}, "1719161966.501493": {"GPUs": 1, "CPUs": 4}, "1719161967.001232": {"GPUs": 1, "CPUs": 1}, "1719161967.501319": {"GPUs": 1, "CPUs": 1}, "1719161968.001722": {"GPUs": 1, "CPUs": 2}, "1719161968.502504": {"GPUs": 1, "CPUs": 3}, "1719161969.00164": {"GPUs": 1, "CPUs": 3}, "1719161969.501291": {"GPUs": 1, "CPUs": 3}, "1719161970.003284": {"GPUs": 1, "CPUs": 1}, "1719161970.501249": {"GPUs": 1, "CPUs": 2}, "1719161971.001419": {"GPUs": 1, "CPUs": 2}, "1719161971.501865": {"GPUs": 1, "CPUs": 1}, "1719161972.002622": {"GPUs": 1, "CPUs": 3}, "1719161972.501261": {"GPUs": 1, "CPUs": 4}, "1719161973.001539": {"GPUs": 1, "CPUs": 4}, "1719161973.501255": {"GPUs": 1, "CPUs": 4}, "1719161974.00526": {"GPUs": 1, "CPUs": 4}, "1719161974.501302": {"GPUs": 1, "CPUs": 4}, "1719161975.002595": {"GPUs": 1, "CPUs": 4}, "1719161975.501897": {"GPUs": 1, "CPUs": 4}, "1719161977.501277": {"GPUs": 1, "CPUs": 1}, "1719161978.501872": {"GPUs": 1, "CPUs": 1}, "1719161979.001887": {"GPUs": 1, "CPUs": 2}, "1719161983.502155": {"GPUs": 1, "CPUs": 2}, "1719161984.00138": {"GPUs": 1, "CPUs": 1}, "1719161984.501616": {"GPUs": 1, "CPUs": 1}, "1719161986.501388": {"GPUs": 1, "CPUs": 1}, "1719161987.001883": {"GPUs": 1, "CPUs": 1}, "1719161987.501312": {"GPUs": 1, "CPUs": 4}, "1719161988.001874": {"GPUs": 1, "CPUs": 1}, "1719161988.501789": {"GPUs": 1, "CPUs": 1}, "1719161989.001761": {"GPUs": 1, "CPUs": 1}, "1719161989.502068": {"GPUs": 1, "CPUs": 2}, "1719161990.002774": {"GPUs": 1, "CPUs": 1}, "1719161990.505666": {"GPUs": 1, "CPUs": 2}, "1719161991.003853": {"GPUs": 1, "CPUs": 1}, "1719161992.501259": {"GPUs": 1, "CPUs": 1}, "1719161994.002206": {"GPUs": 1, "CPUs": 3}, "1719161999.001263": {"GPUs": 1, "CPUs": 3}, "1719162002.501414": {"GPUs": 1, "CPUs": 1}, "1719162009.00123": {"GPUs": 1, "CPUs": 1}, "1719162012.002099": {"GPUs": 1, "CPUs": 1}, "1719162012.50212": {"GPUs": 1, "CPUs": 1}, "1719162013.001237": {"GPUs": 1, "CPUs": 1}, "1719162015.001647": {"GPUs": 1, "CPUs": 1}, "1719162062.501447": {"GPUs": 1, "CPUs": 1}, "1719162070.501805": {"GPUs": 1, "CPUs": 1}, "1719162071.001258": {"GPUs": 1, "CPUs": 1}, "1719162072.501252": {"GPUs": 1, "CPUs": 1}, "1719162075.501249": {"GPUs": 1, "CPUs": 1}, "1719162076.501492": {"GPUs": 1, "CPUs": 1}, "1719162080.501333": {"GPUs": 1, "CPUs": 1}, "1719162082.501254": {"GPUs": 1, "CPUs": 1}, "1719162083.501675": {"GPUs": 1, "CPUs": 1}, "1719162084.001267": {"GPUs": 1, "CPUs": 1}, "1719162089.501972": {"GPUs": 1, "CPUs": 1}, "1719162097.001746": {"GPUs": 1, "CPUs": 1}, "1719162099.001433": {"GPUs": 1, "CPUs": 1}, "1719162102.501646": {"GPUs": 1, "CPUs": 1}, "1719162211.502133": {"GPUs": 1, "CPUs": 1}, "1719162214.00124": {"GPUs": 1, "CPUs": 1}, "1719162215.001247": {"GPUs": 1, "CPUs": 1}, "1719162216.002054": {"GPUs": 1, "CPUs": 1}, "1719162216.502241": {"GPUs": 1, "CPUs": 1}, "1719162217.001965": {"GPUs": 1, "CPUs": 1}, "1719162218.002091": {"GPUs": 1, "CPUs": 1}, "1719162219.501257": {"GPUs": 1, "CPUs": 1}, "1719162220.002053": {"GPUs": 1, "CPUs": 1}, "1719162220.501204": {"GPUs": 1, "CPUs": 1}, "1719162221.001179": {"GPUs": 1, "CPUs": 1}, "1719162221.501244": {"GPUs": 1, "CPUs": 1}, "1719162223.001949": {"GPUs": 1, "CPUs": 1}, "1719162224.002088": {"GPUs": 1, "CPUs": 1}, "1719162224.502124": {"GPUs": 1, "CPUs": 1}, "1719162225.002027": {"GPUs": 1, "CPUs": 1}, "1719162225.50165": {"GPUs": 1, "CPUs": 1}, "1719162226.501599": {"GPUs": 1, "CPUs": 1}, "1719162227.001643": {"GPUs": 1, "CPUs": 1}, "1719162227.501246": {"GPUs": 1, "CPUs": 2}, "1719162228.001263": {"GPUs": 1, "CPUs": 2}, "1719162228.502199": {"GPUs": 1, "CPUs": 1}, "1719162245.002034": {"GPUs": 1, "CPUs": 2}, "1719162246.001254": {"GPUs": 1, "CPUs": 1}, "1719162247.001776": {"GPUs": 1, "CPUs": 1}, "1719162249.001988": {"GPUs": 1, "CPUs": 1}, "1719162251.001641": {"GPUs": 1, "CPUs": 2}, "1719162252.002005": {"GPUs": 1, "CPUs": 1}, "1719162254.002173": {"GPUs": 1, "CPUs": 2}, "1719162255.001345": {"GPUs": 1, "CPUs": 2}, "1719162256.001759": {"GPUs": 1, "CPUs": 1}, "1719162258.002072": {"GPUs": 1, "CPUs": 2}, "1719162262.002188": {"GPUs": 1, "CPUs": 1}, "1719162263.006369": {"GPUs": 1, "CPUs": 1}, "1719162264.002012": {"GPUs": 1, "CPUs": 2}, "1719162265.001739": {"GPUs": 1, "CPUs": 1}, "1719162266.002042": {"GPUs": 1, "CPUs": 2}, "1719162267.00179": {"GPUs": 1, "CPUs": 1}, "1719162269.501257": {"GPUs": 1, "CPUs": 1}, "1719162270.501249": {"GPUs": 1, "CPUs": 1}, "1719162272.50181": {"GPUs": 1, "CPUs": 1}, "1719162274.001885": {"GPUs": 1, "CPUs": 2}, "1719162278.50187": {"GPUs": 1, "CPUs": 2}, "1719162279.50214": {"GPUs": 1, "CPUs": 1}, "1719162280.502175": {"GPUs": 1, "CPUs": 1}, "1719162281.501406": {"GPUs": 1, "CPUs": 1}, "1719162282.502048": {"GPUs": 1, "CPUs": 1}, "1719162284.502003": {"GPUs": 1, "CPUs": 1}, "1719162287.501247": {"GPUs": 1, "CPUs": 1}, "1719162288.501683": {"GPUs": 1, "CPUs": 2}, "1719162289.501863": {"GPUs": 1, "CPUs": 1}, "1719162291.501889": {"GPUs": 1, "CPUs": 1}, "1719162293.001268": {"GPUs": 1, "CPUs": 1}, "1719162299.001796": {"GPUs": 1, "CPUs": 1}, "1719162300.001518": {"GPUs": 1, "CPUs": 1}, "1719162301.001892": {"GPUs": 1, "CPUs": 1}, "1719162302.001335": {"GPUs": 1, "CPUs": 2}, "1719162302.50175": {"GPUs": 1, "CPUs": 1}, "1719162303.501668": {"GPUs": 1, "CPUs": 2}, "1719162306.501818": {"GPUs": 1, "CPUs": 1}, "1719162318.002041": {"GPUs": 1, "CPUs": 1}, "1719162322.001729": {"GPUs": 1, "CPUs": 2}, "1719162323.00125": {"GPUs": 1, "CPUs": 1}, "1719162328.501801": {"GPUs": 1, "CPUs": 1}, "1719162329.001244": {"GPUs": 1, "CPUs": 2}, "1719162330.002159": {"GPUs": 1, "CPUs": 2}, "1719162333.502113": {"GPUs": 1, "CPUs": 1}, "1719162334.502055": {"GPUs": 1, "CPUs": 2}, "1719162337.50202": {"GPUs": 1, "CPUs": 1}, "1719162338.501543": {"GPUs": 1, "CPUs": 1}, "1719162342.502103": {"GPUs": 1, "CPUs": 2}, "1719162345.501787": {"GPUs": 1, "CPUs": 2}, "1719162348.002005": {"GPUs": 1, "CPUs": 1}, "1719162349.001285": {"GPUs": 1, "CPUs": 2}, "1719162350.001261": {"GPUs": 1, "CPUs": 2}, "1719162351.001548": {"GPUs": 1, "CPUs": 2}, "1719162352.501997": {"GPUs": 1, "CPUs": 2}, "1719162353.50127": {"GPUs": 1, "CPUs": 2}, "1719162356.501233": {"GPUs": 1, "CPUs": 2}, "1719162361.00209": {"GPUs": 1, "CPUs": 1}, "1719162361.502176": {"GPUs": 1, "CPUs": 1}, "1719162365.001854": {"GPUs": 1, "CPUs": 2}, "1719162365.501666": {"GPUs": 1, "CPUs": 2}, "1719162366.50213": {"GPUs": 1, "CPUs": 2}, "1719162367.502128": {"GPUs": 1, "CPUs": 1}, "1719162368.501529": {"GPUs": 1, "CPUs": 2}, "1719162369.502193": {"GPUs": 1, "CPUs": 1}, "1719162371.501298": {"GPUs": 1, "CPUs": 1}, "1719162373.50194": {"GPUs": 1, "CPUs": 1}, "1719162374.502059": {"GPUs": 1, "CPUs": 1}, "1719162388.001225": {"GPUs": 1, "CPUs": 2}, "1719162389.002053": {"GPUs": 1, "CPUs": 2}, "1719162392.501284": {"GPUs": 1, "CPUs": 1}, "1719162395.001864": {"GPUs": 1, "CPUs": 2}, "1719162402.501251": {"GPUs": 1, "CPUs": 2}, "1719162409.001261": {"GPUs": 1, "CPUs": 2}, "1719162416.501528": {"GPUs": 1, "CPUs": 1}, "1719162417.50126": {"GPUs": 1, "CPUs": 2}, "1719162420.001293": {"GPUs": 1, "CPUs": 2}, "1719162424.001678": {"GPUs": 1, "CPUs": 2}, "1719162425.001807": {"GPUs": 1, "CPUs": 2}, "1719162426.001935": {"GPUs": 1, "CPUs": 2}, "1719162434.501273": {"GPUs": 1, "CPUs": 2}, "1719162435.501532": {"GPUs": 1, "CPUs": 1}, "1719162436.501967": {"GPUs": 1, "CPUs": 2}, "1719162445.001246": {"GPUs": 1, "CPUs": 2}, "1719162446.002011": {"GPUs": 1, "CPUs": 1}, "1719162448.001801": {"GPUs": 1, "CPUs": 2}, "1719162452.001729": {"GPUs": 1, "CPUs": 2}, "1719162453.001896": {"GPUs": 1, "CPUs": 2}, "1719162463.501272": {"GPUs": 1, "CPUs": 2},