{"RuleTriggered": 1, "Violations": 4, "Details": {"pin_memory": false, "num_workers": 2, "cores": 4, "dataloaders": 2, "dataloading_time": {"p25": 0.31180775000000005, "p50": 0.4702, "p95": 62.9033165, "probs": [21, 1, 0, 0, 0, 0, 0, 0, 0, 0, 0, 0, 0, 0, 0, 0, 0, 0, 0, 0, 0, 0, 0, 0, 0, 0, 0, 0, 0, 0, 0, 0, 0, 0, 0, 0, 0, 0, 0, 0, 0, 0, 0, 0, 0, 0, 0, 0, 0, 0, 0, 0, 0, 0, 0, 0, 0, 0, 0, 0, 0, 0, 0, 0, 0, 0, 0, 0, 0, 0, 0, 0, 0, 0, 0, 0, 0, 0, 2, 6, 4, 0, 0, 0, 0, 0, 0, 0, 0, 0, 0, 0, 0, 0, 0, 0, 0, 0, 0, 2], "binedges": [0.000791, 0.7349444999999999, 1.4690979999999998, 2.2032515, 2.9374049999999996, 3.6715584999999993, 4.405712, 5.1398655, 5.874019, 6.608172499999999, 7.342325999999999, 8.076479499999998, 8.810633, 9.544786499999999, 10.278939999999999, 11.013093499999998, 11.747246999999998, 12.481400499999998, 13.215553999999997, 13.949707499999997, 14.683860999999997, 15.418014499999998, 16.152167999999996, 16.886321499999998, 17.620475, 18.354628499999997, 19.088782, 19.822935499999996, 20.557088999999998, 21.291242499999996, 22.025395999999997, 22.759549499999995, 23.493702999999996, 24.227856499999998, 24.962009999999996, 25.696163499999997, 26.430316999999995, 27.164470499999997, 27.898623999999995, 28.632777499999996, 29.366930999999994, 30.101084499999995, 30.835237999999997, 31.569391499999995, 32.30354499999999, 33.0376985, 33.771851999999996, 34.50600549999999, 35.240159, 35.974312499999996, 36.708465999999994, 37.44261949999999, 38.176773, 38.910926499999995, 39.64507999999999, 40.37923349999999, 41.113386999999996, 41.847540499999994, 42.58169399999999, 43.3158475, 44.050000999999995, 44.78415449999999, 45.51830799999999, 46.252461499999995, 46.98661499999999, 47.72076849999999, 48.454921999999996, 49.189075499999994, 49.92322899999999, 50.65738249999999, 51.391535999999995, 52.12568949999999, 52.85984299999999, 53.593996499999996, 54.328149999999994, 55.06230349999999, 55.79645699999999, 56.530610499999995, 57.26476399999999, 57.99891749999999, 58.73307099999999, 59.46722449999999, 60.20137799999999, 60.93553149999999, 61.669684999999994, 62.40383849999999, 63.13799199999999, 63.87214549999999, 64.60629899999999, 65.3404525, 66.074606, 66.8087595, 67.542913, 68.2770665, 69.01122, 69.7453735, 70.479527, 71.2136805, 71.947834, 72.68198749999999, 73.416141]}}, "Datapoints": 36, "RuleParameters": "min_threshold:70\nmax_threshold:200"}