{"RuleTriggered": 0, "Violations": 20, "Details": {"low_gpu_utilization": 686, "bottlenecks": {"1719161977.001937": {"GPUs": 1, "CPUs": 1}, "1719162039.00124": {"GPUs": 1, "CPUs": 1}, "1719162113.501668": {"GPUs": 1, "CPUs": 1}, "1719162114.001974": {"GPUs": 1, "CPUs": 1}, "1719162114.502043": {"GPUs": 1, "CPUs": 1}, "1719162124.501905": {"GPUs": 1, "CPUs": 1}, "1719162205.501241": {"GPUs": 1, "CPUs": 1}, "1719162206.50195": {"GPUs": 1, "CPUs": 1}, "1719162208.00166": {"GPUs": 1, "CPUs": 1}, "1719162209.501249": {"GPUs": 1, "CPUs": 1}, "1719162211.00142": {"GPUs": 1, "CPUs": 1}, "1719162211.502133": {"GPUs": 1, "CPUs": 1}, "1719162214.501245": {"GPUs": 1, "CPUs": 1}, "1719162222.501994": {"GPUs": 1, "CPUs": 1}, "1719162223.502096": {"GPUs": 1, "CPUs": 1}, "1719162224.002088": {"GPUs": 1, "CPUs": 2}, "1719162224.502124": {"GPUs": 1, "CPUs": 2}, "1719162362.001774": {"GPUs": 1, "CPUs": 1}, "1719162363.502119": {"GPUs": 1, "CPUs": 1}, "1719162484.001514": {"GPUs": 1, "CPUs": 1}}}, "Datapoints": 1165, "RuleParameters": "threshold:50\nio_threshold:50\ngpu_threshold:10\npatience:1000"}