{"RuleTriggered": 0, "Violations": 0, "Details": {"step_num": {"first": 1719162227283388, "last": 1719162539731051}, "job_start": 1719161962.001206, "job_end": 1719162539.502119}, "Datapoints": 609, "RuleParameters": "threshold:20"}