{"RuleTriggered": 0, "Violations": 0, "Details": {"ratio": {"gpu_functions-dev:0": 52.22506087217105, "cpu_functions": 47.77493912782895}, "phase": {"Step:ModeKeys.TRAIN": 10.052726294759657, "others": 89.94727370524035}, "phase_time": {}, "CPU": {"aten::conv2d": 20.197625223248135, "aten::convolution": 20.193855256468517, "aten::_convolution": 20.19085688073535, "aten::cudnn_convolution": 20.169669712556164, "aten::linear": 4.032887556758757, "aten::addmm": 4.029406372593014, "aten::item": 5.593110080006772, "aten::_local_scalar_dense": 5.592588917633288}, "CPU_total": {"aten::conv2d": 8952395, "aten::convolution": 8950724, "aten::_convolution": 8949395, "aten::cudnn_convolution": 8940004, "aten::linear": 1787537, "aten::addmm": 1785994, "aten::item": 2479090, "aten::_local_scalar_dense": 2478859}, "GPU": {"aten::conv2d": 23.43580974045687, "aten::convolution": 23.434633426536884, "aten::_convolution": 23.433566733268936, "aten::cudnn_convolution": 22.83197913531103, "aten::linear": 3.432155156564958, "aten::addmm": 3.431855807861305}, "GPU_total": {"aten::conv2d": 11117085, "aten::convolution": 11116527, "aten::_convolution": 11116021, "aten::cudnn_convolution": 10830650, "aten::linear": 1628088, "aten::addmm": 1627946}, "general": {"DataLoaderIterInitialize": 0.06481758356506676, "DataLoaderIter": 0.12821363846219005, "Forward": 1.916135192301844, "DataLoaderWorker": 97.8908335856709}}, "Datapoints": 0, "RuleParameters": ""}