{"RuleTriggered": 0, "Violations": 0, "Details": {"step_details": {"algo-1-27": {"step_stats": {"mean": 0.027479333333333338, "max": 10.763617, "p99": 0.20537427999999897, "p95": 0.0079388, "p50": 0.006558, "min": 0.004386}, "number_of_outliers": 1, "phase": "Step:ModeKeys.TRAIN", "stddev": 0.44, "probs": [468, 124, 4, 2, 0, 0, 0, 0, 0, 0, 0, 0, 0, 0, 0, 0, 0, 0, 0, 0, 0, 0, 0, 0, 0, 0, 0, 0, 0, 1, 0, 0, 0, 0, 0, 0, 0, 0, 0, 0, 0, 0, 0, 0, 0, 0, 0, 0, 0, 0, 0, 0, 0, 0, 0, 0, 0, 0, 0, 0, 0, 0, 0, 0, 0, 0, 0, 0, 2, 1, 0, 0, 0, 0, 0, 0, 0, 0, 0, 2, 0, 0, 1, 0, 0, 0, 0, 0, 0, 0, 0, 1, 0, 0, 1, 0, 0, 0, 0, 1], "binedges": [0.004386, 0.00692637, 0.009466740000000001, 0.012007110000000001, 0.014547480000000002, 0.01708785, 0.019628220000000002, 0.022168590000000002, 0.024708960000000002, 0.027249330000000002, 0.029789700000000002, 0.03233007, 0.03487044, 0.03741081, 0.03995118, 0.04249155, 0.04503192, 0.04757229, 0.05011266, 0.05265303, 0.055193400000000004, 0.057733770000000004, 0.060274140000000004, 0.06281451, 0.06535488, 0.06789525, 0.07043562, 0.07297599, 0.07551636, 0.07805673, 0.0805971, 0.08313747, 0.08567784, 0.08821821, 0.09075858, 0.09329895, 0.09583932, 0.09837969, 0.10092006, 0.10346043, 0.1060008, 0.10854117, 0.11108154, 0.11362191, 0.11616228, 0.11870265, 0.12124302, 0.12378339000000001, 0.12632376, 0.12886413, 0.1314045, 0.13394487, 0.13648524, 0.13902561000000002, 0.14156598, 0.14410635, 0.14664672, 0.14918709000000002, 0.15172746, 0.15426783, 0.1568082, 0.15934857000000002, 0.16188894, 0.16442931, 0.16696968, 0.16951005000000002, 0.17205042, 0.17459079, 0.17713116, 0.17967153000000002, 0.1822119, 0.18475227, 0.18729264, 0.18983301000000002, 0.19237338, 0.19491375, 0.19745412, 0.19999449000000002, 0.20253486, 0.20507523, 0.2076156, 0.21015597000000003, 0.21269634, 0.21523671, 0.21777708, 0.22031745000000003, 0.22285782, 0.22539819, 0.22793856, 0.23047893000000003, 0.2330193, 0.23555967, 0.23810004, 0.24064041000000003, 0.24318078, 0.24572115, 0.24826152, 0.25080189, 0.25334226, 0.25588263, 0.258423], "step_numbers": ["0"]}}}, "Datapoints": 609, "RuleParameters": "threshold:3\nmode:None\nn_outliers:10\nstddev:3"}